true_negative,false_positive,false_negative,true_positive,iou,dice,hd,hd95,filename,gt_filename,image_id
175506,4205,798,81635,0.9422539763152428,0.9702685516987276,24.0,10.630146026611328,ISIC_0000466_mask.png,ISIC_0000466.png,ISIC_0000466
243806,1271,354,16713,0.9113861926055186,0.9536389831959146,11.704699516296387,6.4031243324279785,ISIC_0008116_mask.png,ISIC_0008116.png,ISIC_0008116
227283,23,3261,31577,0.9057973093141333,0.9505704566663656,14.422204971313477,10.0,ISIC_0011110_mask.png,ISIC_0011110.png,ISIC_0011110
57960,8227,1032,194925,0.9546536457313012,0.9768008238350927,40.607879638671875,22.803508758544922,ISIC_0000311_mask.png,ISIC_0000311.png,ISIC_0000311
207952,2,7312,46878,0.8650354295837024,0.9276343128524784,18.384777069091797,13.892443656921387,ISIC_0010192_mask.png,ISIC_0010192.png,ISIC_0010192
204208,12750,0,45186,0.7799295774647887,0.8763600395647874,36.24913787841797,27.175352096557617,ISIC_0011294_mask.png,ISIC_0011294.png,ISIC_0011294
127077,1501,3627,129939,0.962033657370046,0.9806494947284212,13.601470947265625,8.5440034866333,ISIC_0010201_mask.png,ISIC_0010201.png,ISIC_0010201
28802,3632,8670,221040,0.9472791010619606,0.972925864140745,171.0,146.0,ISIC_0009980_mask.png,ISIC_0009980.png,ISIC_0009980
233176,3139,168,25661,0.8858395470864402,0.9394643870471727,15.29705810546875,9.92462158203125,ISIC_0008626_mask.png,ISIC_0008626.png,ISIC_0008626
225149,1323,6003,29669,0.8019732396269766,0.890105604224169,38.4837646484375,31.700857162475586,ISIC_0000494_mask.png,ISIC_0000494.png,ISIC_0000494
251209,1,2087,8847,0.8090534979423868,0.8944494995450409,20.124610900878906,14.734127044677734,ISIC_0001185_mask.png,ISIC_0001185.png,ISIC_0001185
138049,0,24255,99840,0.8045449051130182,0.8916873199812445,48.0,35.80083084106445,ISIC_0000226_mask.png,ISIC_0000226.png,ISIC_0000226
200779,14206,5,47154,0.7684184795893425,0.8690459735161584,44.777225494384766,33.13608169555664,ISIC_0011148_mask.png,ISIC_0011148.png,ISIC_0011148
168362,1116,5222,87444,0.9324177347465399,0.9650270932426914,18.788293838500977,13.152946472167969,ISIC_0011090_mask.png,ISIC_0011090.png,ISIC_0011090
181924,2530,4476,73214,0.912665170780354,0.9543386733057863,40.16217041015625,18.0,ISIC_0000490_mask.png,ISIC_0000490.png,ISIC_0000490
172598,7805,122,81619,0.9114756661380743,0.9536879619081003,38.0,20.0,ISIC_0009906_mask.png,ISIC_0009906.png,ISIC_0009906
132742,6933,1274,121195,0.9365774872103986,0.9672502065068617,33.13608169555664,17.464248657226562,ISIC_0001142_mask.png,ISIC_0001142.png,ISIC_0001142
174698,4719,5094,77633,0.8877821741417561,0.9405557339213346,26.62705421447754,20.615528106689453,ISIC_0009920_mask.png,ISIC_0009920.png,ISIC_0009920
193140,3059,1004,64941,0.9411193553996869,0.9696666542237485,21.954498291015625,11.0,ISIC_0011319_mask.png,ISIC_0011319.png,ISIC_0011319
165878,4339,1578,90349,0.9385348929009204,0.96829300967232,19.416488647460938,10.0,ISIC_0000172_mask.png,ISIC_0000172.png,ISIC_0000172
150452,20,19532,92140,0.8249471761630197,0.9040778680481966,32.526912689208984,26.248809814453125,ISIC_0000234_mask.png,ISIC_0000234.png,ISIC_0000234
163663,301,20289,77891,0.7909241376509174,0.8832581135327603,51.6623649597168,39.81205749511719,ISIC_0010073_mask.png,ISIC_0010073.png,ISIC_0010073
197038,20,11586,53500,0.8217368598900255,0.9021466030386321,32.202484130859375,24.20743751525879,ISIC_0009998_mask.png,ISIC_0009998.png,ISIC_0009998
58434,30336,2142,171232,0.840567473369005,0.9133786025571955,123.0,56.046852111816406,ISIC_0011349_mask.png,ISIC_0011349.png,ISIC_0011349
167953,4367,879,88945,0.9443046575575161,0.9713546217019046,17.0,9.848857879638672,ISIC_0001131_mask.png,ISIC_0001131.png,ISIC_0001131
243324,6931,20,11869,0.6306588735387886,0.7735019062204699,82.2800064086914,56.65192413330078,ISIC_0001960_mask.png,ISIC_0001960.png,ISIC_0001960
175690,2697,1398,82359,0.9526337705600666,0.975742389507917,18.601076126098633,7.8102498054504395,ISIC_0009901_mask.png,ISIC_0009901.png,ISIC_0009901
243791,1436,545,16372,0.8920612433934506,0.9429517638588912,21.095022201538086,8.602325439453125,ISIC_0001427_mask.png,ISIC_0001427.png,ISIC_0001427
101474,12543,1582,146545,0.9120868861641874,0.9540224272903342,32.24903106689453,19.416488647460938,ISIC_0000279_mask.png,ISIC_0000279.png,ISIC_0000279
202713,1435,1495,56501,0.9506991300836264,0.9747265638477728,11.180339813232422,7.0,ISIC_0010058_mask.png,ISIC_0010058.png,ISIC_0010058
226532,174,3884,31554,0.8860496461866787,0.9395825268737159,15.524174690246582,13.03840446472168,ISIC_0009874_mask.png,ISIC_0009874.png,ISIC_0009874
192661,129,9115,60239,0.866960263661615,0.9287399207536116,24.166091918945312,19.93612289428711,ISIC_0010498_mask.png,ISIC_0010498.png,ISIC_0010498
107774,54920,802,98648,0.6390360821403123,0.7797706092056692,123.0,78.2725830078125,ISIC_0000537_mask.png,ISIC_0000537.png,ISIC_0000537
132752,128691,0,701,0.0054176456040558926,0.010776905752038926,291.30224609375,278.4911193847656,ISIC_0011152_mask.png,ISIC_0011152.png,ISIC_0011152
150481,1,19151,92511,0.8284839203675345,0.9061976549413735,36.24913787841797,24.895641326904297,ISIC_0000037_mask.png,ISIC_0000037.png,ISIC_0000037
65628,4807,2308,189401,0.9637942966476012,0.9815633931648515,57.0,12.727922439575195,ISIC_0010331_mask.png,ISIC_0010331.png,ISIC_0010331
235735,2701,313,23395,0.8858722405240638,0.9394827724680749,20.124610900878906,12.18802547454834,ISIC_0010584_mask.png,ISIC_0010584.png,ISIC_0010584
136983,17910,57,107194,0.8564488938247538,0.9226743560500097,72.62230682373047,53.159175872802734,ISIC_0000043_mask.png,ISIC_0000043.png,ISIC_0000043
230565,0,9771,21808,0.6905855156908072,0.8169779159720532,40.04996871948242,21.65035629272461,ISIC_0009943_mask.png,ISIC_0009943.png,ISIC_0009943
215424,1,10928,35791,0.7660744863013699,0.867544933402819,40.804412841796875,31.14482307434082,ISIC_0011132_mask.png,ISIC_0011132.png,ISIC_0011132
111619,920,12781,136824,0.9089785749875436,0.9523193050958938,34.65544509887695,18.357559204101562,ISIC_0010231_mask.png,ISIC_0010231.png,ISIC_0010231
235315,659,2189,23981,0.8938462111893847,0.9439480417240701,21.02379608154297,15.625296592712402,ISIC_0011098_mask.png,ISIC_0011098.png,ISIC_0011098
242106,750,118,19170,0.9566823036231161,0.9778616608855336,5.0,3.1622776985168457,ISIC_0011298_mask.png,ISIC_0011298.png,ISIC_0011298
183128,1687,584,76745,0.9712589855219196,0.9854199703391735,11.180339813232422,4.123105525970459,ISIC_0010340_mask.png,ISIC_0010340.png,ISIC_0010340
192001,10697,143,59303,0.8454585632208489,0.916258517065031,29.529645919799805,20.39607810974121,ISIC_0000420_mask.png,ISIC_0000420.png,ISIC_0000420
121171,5365,10125,125483,0.8901208032743859,0.9418665745939292,49.497474670410156,32.015621185302734,ISIC_0000149_mask.png,ISIC_0000149.png,ISIC_0000149
243981,2123,67,15973,0.8794252050872653,0.9358448558706352,13.0,9.05538558959961,ISIC_0010009_mask.png,ISIC_0010009.png,ISIC_0010009
211234,43,2414,48453,0.9517383618149676,0.9752724857341264,8.9442720413208,5.830951690673828,ISIC_0000057_mask.png,ISIC_0000057.png,ISIC_0000057
181267,990,12157,67730,0.8374445145096876,0.9115317582617238,31.14482307434082,25.011981964111328,ISIC_0010360_mask.png,ISIC_0010360.png,ISIC_0010360
171482,3454,262,86946,0.959012596236571,0.9790775190306743,17.8885440826416,8.0,ISIC_0000003_mask.png,ISIC_0000003.png,ISIC_0000003
250096,272,1056,10720,0.8897742363877822,0.9416725228390724,14.0,10.0,ISIC_0001484_mask.png,ISIC_0001484.png,ISIC_0001484
249521,294,1327,11002,0.8715836172066862,0.9313862433862434,11.704699516296387,8.892971992492676,ISIC_0011227_mask.png,ISIC_0011227.png,ISIC_0011227
222331,1561,1893,36359,0.9132444176525255,0.9546552538990706,12.649110794067383,9.433980941772461,ISIC_0001100_mask.png,ISIC_0001100.png,ISIC_0001100
129387,1673,6517,124567,0.9383083377900977,0.9681724207613748,19.209373474121094,14.142135620117188,ISIC_0009948_mask.png,ISIC_0009948.png,ISIC_0009948
253049,40,1095,7960,0.8752061572292469,0.9334506009967751,11.0,6.4031243324279785,ISIC_0000449_mask.png,ISIC_0000449.png,ISIC_0000449
195777,2398,3103,60866,0.9171124203293806,0.9567643614471089,19.235383987426758,13.601470947265625,ISIC_0010556_mask.png,ISIC_0010556.png,ISIC_0010556
247026,0,3726,11392,0.7535388278872867,0.8594492644285175,20.51828384399414,16.507553100585938,ISIC_0010183_mask.png,ISIC_0010183.png,ISIC_0010183
18606,180,64562,178796,0.7341605827427342,0.8467042672387257,93.4344711303711,69.27371978759766,ISIC_0010604_mask.png,ISIC_0010604.png,ISIC_0010604
211747,4598,829,44970,0.8923150187511162,0.9430935229167322,20.808652877807617,15.0,ISIC_0000377_mask.png,ISIC_0000377.png,ISIC_0000377
170411,16384,37,75312,0.8209913553464947,0.9016971474752312,41.0,29.0,ISIC_0009923_mask.png,ISIC_0009923.png,ISIC_0009923
156529,1355,8255,96005,0.9090091369597122,0.9523360777700625,33.0,23.021728515625,ISIC_0009965_mask.png,ISIC_0009965.png,ISIC_0009965
246695,1,2777,12671,0.8201825360864781,0.9012091038406828,18.0,13.0,ISIC_0009078_mask.png,ISIC_0009078.png,ISIC_0009078
211425,659,2319,47741,0.9412843313156806,0.969754214909608,12.041594505310059,7.0,ISIC_0000254_mask.png,ISIC_0000254.png,ISIC_0000254
244220,1163,708,16053,0.8956148181209551,0.9449333372575566,11.401754379272461,7.211102485656738,ISIC_0010016_mask.png,ISIC_0010016.png,ISIC_0010016
208464,19221,0,34459,0.6419336810730253,0.7819240063989834,46.52956008911133,39.311378479003906,ISIC_0010582_mask.png,ISIC_0010582.png,ISIC_0010582
246115,2601,29,13399,0.8359223906669162,0.9106293326084002,34.01470184326172,12.727922439575195,ISIC_0010207_mask.png,ISIC_0010207.png,ISIC_0010207
219301,402,1099,41342,0.9649651051513666,0.982170220348043,9.0,4.0,ISIC_0000227_mask.png,ISIC_0000227.png,ISIC_0000227
235345,310,1791,24698,0.9216015522967275,0.9592015068838962,15.29705810546875,7.8102498054504395,ISIC_0009889_mask.png,ISIC_0009889.png,ISIC_0009889
218537,8620,167,34820,0.7984956543674181,0.8879595037423337,41.773197174072266,27.294687271118164,ISIC_0000306_mask.png,ISIC_0000306.png,ISIC_0000306
179602,1974,1678,78890,0.9557558576239975,0.9773774716289212,22.135944366455078,10.0,ISIC_0009931_mask.png,ISIC_0009931.png,ISIC_0009931
225380,1508,908,34348,0.9342835382439343,0.9660254246821914,9.433980941772461,7.0,ISIC_0011321_mask.png,ISIC_0011321.png,ISIC_0011321
215690,0,12342,34112,0.7343178197787058,0.8468088275451183,37.121421813964844,27.018512725830078,ISIC_0009955_mask.png,ISIC_0009955.png,ISIC_0009955
157595,133,37333,67083,0.6416417182373815,0.781707373916286,127.41271209716797,115.0,ISIC_0000099_mask.png,ISIC_0000099.png,ISIC_0000099
222464,957,1568,37155,0.9363659274193549,0.9671373722912735,10.770329475402832,7.280109882354736,ISIC_0010180_mask.png,ISIC_0010180.png,ISIC_0010180
146139,5652,18117,92236,0.7951036593250291,0.8858582123597178,56.22277069091797,42.94356918334961,ISIC_0000328_mask.png,ISIC_0000328.png,ISIC_0000328
184620,12,8660,68852,0.8881378669831278,0.9407553150789747,25.0,14.866068840026855,ISIC_0010047_mask.png,ISIC_0010047.png,ISIC_0010047
6108,1987,6676,247373,0.9661649143089253,0.9827913287207817,193.0,147.0,ISIC_0009990_mask.png,ISIC_0009990.png,ISIC_0009990
191052,6433,4,64655,0.909455353626287,0.9525809041820446,17.69180679321289,11.401754379272461,ISIC_0000510_mask.png,ISIC_0000510.png,ISIC_0000510
209325,1929,4915,45975,0.8704254150968401,0.9307245379274045,27.0,18.0,ISIC_0000448_mask.png,ISIC_0000448.png,ISIC_0000448
221829,38,2347,37930,0.94084087808508,0.9695188190938718,8.062257766723633,5.656854152679443,ISIC_0000340_mask.png,ISIC_0000340.png,ISIC_0000340
194086,4,13706,54348,0.7985541743806753,0.8879956864859566,42.01190185546875,35.51548767089844,ISIC_0000200_mask.png,ISIC_0000200.png,ISIC_0000200
209351,2235,649,49909,0.9453715454700434,0.9719187552335884,9.219544410705566,6.0,ISIC_0000198_mask.png,ISIC_0000198.png,ISIC_0000198
255934,120,306,5784,0.9314009661835749,0.9644822411205602,4.0,3.0,ISIC_0009930_mask.png,ISIC_0009930.png,ISIC_0009930
212800,6425,0,42919,0.8697916666666666,0.9303621169916435,17.0,11.401754379272461,ISIC_0009994_mask.png,ISIC_0009994.png,ISIC_0009994
252618,644,262,8620,0.9048918748687802,0.9500716411330321,8.602325439453125,4.4721360206604,ISIC_0008207_mask.png,ISIC_0008207.png,ISIC_0008207
1027,0,36701,224416,0.8594461486613281,0.9244109051290026,458.0,398.0,ISIC_0011374_mask.png,ISIC_0011374.png,ISIC_0011374
169774,80,11730,80560,0.872144635704233,0.931706470826346,40.360870361328125,28.284271240234375,ISIC_0010326_mask.png,ISIC_0010326.png,ISIC_0010326
101362,46,9390,151346,0.9413118383898695,0.9697688127947509,16.970561981201172,11.0,ISIC_0000052_mask.png,ISIC_0000052.png,ISIC_0000052
120719,28917,193,112315,0.7941665193565494,0.8852762670450067,62.0,43.20588684082031,ISIC_0000484_mask.png,ISIC_0000484.png,ISIC_0000484
244470,179,1226,16269,0.9205046961638566,0.958607076569543,15.0,8.0,ISIC_0010088_mask.png,ISIC_0010088.png,ISIC_0010088
253585,431,255,7873,0.9198504498189041,0.9582521908471275,7.280109882354736,4.4721360206604,ISIC_0001186_mask.png,ISIC_0001186.png,ISIC_0001186
246868,5,2556,12715,0.8323514008902854,0.908506305598228,16.401220321655273,10.770329475402832,ISIC_0009885_mask.png,ISIC_0009885.png,ISIC_0009885
248595,2755,1277,9517,0.7024134622481364,0.8251972600364172,29.120439529418945,19.6646728515625,ISIC_0008992_mask.png,ISIC_0008992.png,ISIC_0008992
104455,22358,5769,129562,0.8216299171153346,0.9020821511500395,93.08598327636719,47.50789260864258,ISIC_0010846_mask.png,ISIC_0010846.png,ISIC_0010846
186810,744,9206,65384,0.8679215228183821,0.9292912065265282,32.893768310546875,23.499935150146484,ISIC_0010336_mask.png,ISIC_0010336.png,ISIC_0010336
197096,68,4584,60396,0.9284835813553068,0.9629157233506584,14.317821502685547,8.570245742797852,ISIC_0009882_mask.png,ISIC_0009882.png,ISIC_0009882
215500,873,1332,44439,0.9527270388474401,0.975791311221633,10.049875259399414,6.0,ISIC_0000023_mask.png,ISIC_0000023.png,ISIC_0000023
233550,1638,114,26842,0.9387284045603973,0.9683959881665344,10.29563045501709,7.0,ISIC_0002107_mask.png,ISIC_0002107.png,ISIC_0002107
218129,24,8287,35704,0.8111780074974441,0.8957463089100466,30.4138126373291,24.991966247558594,ISIC_0010451_mask.png,ISIC_0010451.png,ISIC_0010451
38486,5516,5946,212196,0.9487521126004882,0.9737022030312903,171.0,88.28834533691406,ISIC_0010041_mask.png,ISIC_0010041.png,ISIC_0010041
187566,2162,3346,69070,0.9261444393789053,0.9616562708843841,29.154760360717773,13.01920223236084,ISIC_0011176_mask.png,ISIC_0011176.png,ISIC_0011176
200235,85,10101,51723,0.8354681871779548,0.9103597578147001,50.695167541503906,33.060386657714844,ISIC_0000015_mask.png,ISIC_0000015.png,ISIC_0000015
97627,11454,933,152130,0.9247068691989278,0.9608807283820785,72.06246948242188,20.51828384399414,ISIC_0000188_mask.png,ISIC_0000188.png,ISIC_0000188
248943,611,305,12285,0.9306113173244451,0.9640586988935101,11.0,6.0,ISIC_0011213_mask.png,ISIC_0011213.png,ISIC_0011213
180187,4620,453,76884,0.9381016874702588,0.9680624020246662,17.492855072021484,10.29563045501709,ISIC_0000509_mask.png,ISIC_0000509.png,ISIC_0000509
169810,3651,3838,84845,0.9188922823661922,0.9577320111299872,34.66987228393555,15.55634880065918,ISIC_0000533_mask.png,ISIC_0000533.png,ISIC_0000533
187936,7155,688,66365,0.8943105864596809,0.9442069245160877,27.312999725341797,17.72004508972168,ISIC_0010856_mask.png,ISIC_0010856.png,ISIC_0010856
223611,0,11637,26896,0.6979991176394259,0.8221430863989974,29.0,24.698177337646484,ISIC_0009977_mask.png,ISIC_0009977.png,ISIC_0009977
143047,392,11113,107592,0.9033980704803647,0.9492476476582454,26.68332862854004,20.248456954956055,ISIC_0010596_mask.png,ISIC_0010596.png,ISIC_0010596
213105,805,1903,46331,0.9447786455678133,0.9716053266226277,19.209373474121094,9.0443115234375,ISIC_0009891_mask.png,ISIC_0009891.png,ISIC_0009891
184432,1040,11920,64752,0.8332303891290921,0.9090296495956873,29.154760360717773,25.495098114013672,ISIC_0010346_mask.png,ISIC_0010346.png,ISIC_0010346
216580,1985,1036,42543,0.9336976560442455,0.9657121454594981,11.704699516296387,8.062257766723633,ISIC_0000201_mask.png,ISIC_0000201.png,ISIC_0000201
168093,5415,3987,84649,0.9000329608403951,0.9473866815892558,23.34523582458496,17.804492950439453,ISIC_0011080_mask.png,ISIC_0011080.png,ISIC_0011080
49616,6698,17104,188726,0.8880053451780471,0.940680965174179,75.0,42.00178527832031,ISIC_0011167_mask.png,ISIC_0011167.png,ISIC_0011167
148090,19467,38,94549,0.8289845161064058,0.9064970302440521,37.161808013916016,26.870058059692383,ISIC_0008998_mask.png,ISIC_0008998.png,ISIC_0008998
184593,3690,847,73014,0.9414965635517273,0.9698668349217946,13.0,8.0,ISIC_0000287_mask.png,ISIC_0000287.png,ISIC_0000287
129834,22146,6,110158,0.8325750132265135,0.9086394905719518,43.931766510009766,30.93778419494629,ISIC_0010863_mask.png,ISIC_0010863.png,ISIC_0010863
243319,195,2073,16557,0.8795219123505976,0.9358996099711718,19.313207626342773,13.942707061767578,ISIC_0010234_mask.png,ISIC_0010234.png,ISIC_0010234
31876,1246,4732,224290,0.97403894592388,0.9868487629741419,147.0,88.0,ISIC_0010190_mask.png,ISIC_0010190.png,ISIC_0010190
122701,8,13075,126360,0.9061767173683871,0.9507793365763366,20.51828384399414,17.69180679321289,ISIC_0000258_mask.png,ISIC_0000258.png,ISIC_0000258
232108,662,3236,26138,0.8702223997869224,0.9306084665503613,16.0,13.0,ISIC_0010173_mask.png,ISIC_0010173.png,ISIC_0010173
250480,2653,0,9011,0.7725480109739369,0.8716807738814994,14.142135620117188,11.0,ISIC_0000132_mask.png,ISIC_0000132.png,ISIC_0000132
213774,6974,18,41378,0.8554475914823237,0.9220929714311182,22.803508758544922,16.970561981201172,ISIC_0000138_mask.png,ISIC_0000138.png,ISIC_0000138
154347,1242,5109,101446,0.9410837036281158,0.9696477301510684,19.0,12.206555366516113,ISIC_0000228_mask.png,ISIC_0000228.png,ISIC_0000228
250712,13,2728,8691,0.7602344296710987,0.8637877056104954,15.81138801574707,12.42553997039795,ISIC_0010254_mask.png,ISIC_0010254.png,ISIC_0010254
209405,6839,3,45897,0.8702667854908133,0.9306338456547305,26.0,15.0,ISIC_0011359_mask.png,ISIC_0011359.png,ISIC_0011359
177083,22037,5,63019,0.7408683180305898,0.8511480280929228,53.0,34.65544509887695,ISIC_0011172_mask.png,ISIC_0011172.png,ISIC_0011172
230412,0,8532,23200,0.7311231564351444,0.8446806961334012,26.0,25.0,ISIC_0010854_mask.png,ISIC_0010854.png,ISIC_0010854
218076,1237,1700,41131,0.9333529999092312,0.9655277644103804,12.0,8.0,ISIC_0001128_mask.png,ISIC_0001128.png,ISIC_0001128
76335,58831,305,126673,0.6817376983892062,0.8107538994246068,88.27796936035156,73.68174743652344,ISIC_0000479_mask.png,ISIC_0000479.png,ISIC_0000479
226148,12,7772,28212,0.7837537504167129,0.8787690007475704,23.0,17.029386520385742,ISIC_0010574_mask.png,ISIC_0010574.png,ISIC_0010574
200892,0,22148,39104,0.6384118069614053,0.7793056718083622,50.635955810546875,45.16912078857422,ISIC_0010373_mask.png,ISIC_0010373.png,ISIC_0010373
247479,123,2937,11605,0.7913399249914763,0.8835173201370384,16.0,12.083045959472656,ISIC_0002673_mask.png,ISIC_0002673.png,ISIC_0002673
126313,23196,10199,102436,0.7541430159536483,0.8598421099019168,82.29216003417969,57.635459899902344,ISIC_0010193_mask.png,ISIC_0010193.png,ISIC_0010193
227264,6890,0,27990,0.8024655963302753,0.8904087800222682,17.464248657226562,14.94642448425293,ISIC_0000298_mask.png,ISIC_0000298.png,ISIC_0000298
190148,10,11740,60246,0.8367964886938163,0.911147744286989,29.0,23.402976989746094,ISIC_0009946_mask.png,ISIC_0009946.png,ISIC_0009946
165581,2891,1699,91973,0.9524662655468451,0.9756545169092375,24.041629791259766,11.0,ISIC_0010034_mask.png,ISIC_0010034.png,ISIC_0010034
144413,5602,691,111438,0.9465476382601015,0.9725399159572193,27.73084831237793,10.816654205322266,ISIC_0010374_mask.png,ISIC_0010374.png,ISIC_0010374
48175,1921,7137,204911,0.9576667648117251,0.9783756684491979,167.0,79.25,ISIC_0010477_mask.png,ISIC_0010477.png,ISIC_0010477
237931,61,1573,22579,0.9325155907983315,0.9650795007693623,9.0,5.656854152679443,ISIC_0000129_mask.png,ISIC_0000129.png,ISIC_0000129
253595,467,165,7917,0.9260732249385893,0.9616178792663671,7.071067810058594,4.4721360206604,ISIC_0010004_mask.png,ISIC_0010004.png,ISIC_0010004
252657,889,415,8183,0.8625487509223148,0.9262026032823996,10.198039054870605,8.0,ISIC_0003056_mask.png,ISIC_0003056.png,ISIC_0003056
213664,13164,0,35316,0.7284653465346534,0.8429041959043391,61.6846809387207,32.98787307739258,ISIC_0010261_mask.png,ISIC_0010261.png,ISIC_0010261
211520,8266,0,42358,0.8367177623261695,0.9111010733260201,18.11077117919922,14.560219764709473,ISIC_0000115_mask.png,ISIC_0000115.png,ISIC_0000115
216218,2058,1558,42310,0.9212646431215433,0.9590189945147105,21.40093421936035,8.50582504272461,ISIC_0000518_mask.png,ISIC_0000518.png,ISIC_0000518
67868,3019,1652,189605,0.9759568860795981,0.9878321667391717,13.0,7.0,ISIC_0000310_mask.png,ISIC_0000310.png,ISIC_0000310
188724,9349,6684,57387,0.7816262598746936,0.8774301069514628,46.0,32.0,ISIC_0000487_mask.png,ISIC_0000487.png,ISIC_0000487
238308,663,844,22329,0.936776304749119,0.9673562222462905,10.630146026611328,6.324555397033691,ISIC_0000357_mask.png,ISIC_0000357.png,ISIC_0000357
247733,16,1627,12768,0.8859898688501839,0.9395489164428419,8.062257766723633,5.830951690673828,ISIC_0007693_mask.png,ISIC_0007693.png,ISIC_0007693
136181,267,30715,94981,0.754038884434318,0.859774422478094,91.7060546875,86.35391998291016,ISIC_0000371_mask.png,ISIC_0000371.png,ISIC_0000371
238453,951,283,22457,0.9479127094677303,0.9732599462598596,8.485280990600586,5.099019527435303,ISIC_0000092_mask.png,ISIC_0000092.png,ISIC_0000092
199317,524,11739,50564,0.8048132172473618,0.8918520870263072,42.0,31.918628692626953,ISIC_0011089_mask.png,ISIC_0011089.png,ISIC_0011089
228180,0,10940,23024,0.6778942409610176,0.8080297606513652,58.872745513916016,50.933284759521484,ISIC_0009954_mask.png,ISIC_0009954.png,ISIC_0009954
208119,173,5385,48467,0.897121702915317,0.9457713772782266,17.492855072021484,12.806248664855957,ISIC_0010103_mask.png,ISIC_0010103.png,ISIC_0010103
238007,15,5225,18897,0.7829059120851805,0.8782358135427801,26.0,20.0,ISIC_0011386_mask.png,ISIC_0011386.png,ISIC_0011386
245190,3183,1594,12177,0.7182375840509614,0.8360166146030003,58.52349853515625,51.9922981262207,ISIC_0011367_mask.png,ISIC_0011367.png,ISIC_0011367
213490,2762,302,45590,0.9370247050602212,0.9674886464920843,12.649110794067383,8.0,ISIC_0000501_mask.png,ISIC_0000501.png,ISIC_0000501
250549,1124,235,10236,0.8827943078913325,0.9377490724199533,11.401754379272461,9.0,ISIC_0002871_mask.png,ISIC_0002871.png,ISIC_0002871
83304,8750,1208,168882,0.9443189443077611,0.9713621801324046,24.041629791259766,15.0,ISIC_0000302_mask.png,ISIC_0000302.png,ISIC_0000302
103304,5,33384,125451,0.7897947620246789,0.8825534399611665,65.79513549804688,57.46474838256836,ISIC_0011107_mask.png,ISIC_0011107.png,ISIC_0011107
229169,1056,815,31104,0.9432600454890068,0.9708016666926762,12.529964447021484,8.062257766723633,ISIC_0000177_mask.png,ISIC_0000177.png,ISIC_0000177
248677,371,1963,11133,0.8266874582312319,0.9051219512195122,20.0,13.0,ISIC_0003728_mask.png,ISIC_0003728.png,ISIC_0003728
144489,0,20711,96944,0.823968382134206,0.9034897646307765,39.293766021728516,30.5941162109375,ISIC_0000022_mask.png,ISIC_0000022.png,ISIC_0000022
158073,4985,1095,97991,0.9415783455525555,0.9699102255743287,21.21320343017578,11.045360565185547,ISIC_0011177_mask.png,ISIC_0011177.png,ISIC_0011177
189310,0,22066,50768,0.697037098058599,0.8214753806572709,47.01063537597656,38.20863723754883,ISIC_0000392_mask.png,ISIC_0000392.png,ISIC_0000392
252884,29,2108,7123,0.7692224622030237,0.869559909662455,13.416407585144043,10.770329475402832,ISIC_0006711_mask.png,ISIC_0006711.png,ISIC_0006711
218786,2482,606,40270,0.9287790027215277,0.9630745683263978,13.601470947265625,10.611166954040527,ISIC_0000319_mask.png,ISIC_0000319.png,ISIC_0000319
222964,63,2892,36225,0.9245788667687596,0.9608116172667595,12.806248664855957,8.9442720413208,ISIC_0010587_mask.png,ISIC_0010587.png,ISIC_0010587
214454,74,4378,43238,0.9066470958272175,0.951038184057716,19.0,12.083045959472656,ISIC_0009881_mask.png,ISIC_0009881.png,ISIC_0009881
68164,8194,764,185022,0.9538199814413857,0.9763642408219482,83.0,22.0,ISIC_0000160_mask.png,ISIC_0000160.png,ISIC_0000160
16670,14596,3698,227180,0.9254747957013777,0.961295154595116,145.1688690185547,62.666847229003906,ISIC_0011300_mask.png,ISIC_0011300.png,ISIC_0011300
196034,672,11166,54272,0.8209348056269853,0.901663039324816,43.046485900878906,34.438350677490234,ISIC_0009898_mask.png,ISIC_0009898.png,ISIC_0009898
130849,0,15855,115440,0.8792414029475608,0.9357407745151681,26.4007568359375,19.84943389892578,ISIC_0000066_mask.png,ISIC_0000066.png,ISIC_0000066
246932,3095,28,12089,0.7947015514067841,0.8856085857660891,14.0,11.661903381347656,ISIC_0010607_mask.png,ISIC_0010607.png,ISIC_0010607
66193,1019,10943,183989,0.9389541262866737,0.9685160814865506,117.0,31.620399475097656,ISIC_0010062_mask.png,ISIC_0010062.png,ISIC_0010062
118715,7575,325,135529,0.9449204833053287,0.9716803246366836,16.0,10.816654205322266,ISIC_0000222_mask.png,ISIC_0000222.png,ISIC_0000222
23951,1568,7617,229008,0.9614388332150818,0.9803403674221588,193.0,114.199951171875,ISIC_0011151_mask.png,ISIC_0011151.png,ISIC_0011151
253397,964,91,7692,0.8793872184749056,0.9358233469189123,9.219544410705566,5.830951690673828,ISIC_0001242_mask.png,ISIC_0001242.png,ISIC_0001242
182775,5480,1001,72888,0.9183434338343686,0.9574338125669098,19.235383987426758,11.344511985778809,ISIC_0009993_mask.png,ISIC_0009993.png,ISIC_0009993
116847,4976,2721,137600,0.9470257472625037,0.9727922176622587,19.416488647460938,13.21897029876709,ISIC_0009918_mask.png,ISIC_0009918.png,ISIC_0009918
168834,2965,1230,89115,0.9550423320115743,0.9770042483212279,13.601470947265625,8.0,ISIC_0011325_mask.png,ISIC_0011325.png,ISIC_0011325
196592,19534,0,46018,0.702007566512082,0.8249170924083535,46.51881408691406,36.22154235839844,ISIC_0011384_mask.png,ISIC_0011384.png,ISIC_0011384
173303,0,17129,71712,0.8071948762395741,0.893312488710893,42.72002029418945,33.0,ISIC_0009902_mask.png,ISIC_0009902.png,ISIC_0009902
179915,613,1781,79835,0.9708861837064783,0.9852280580511403,11.661903381347656,4.4721360206604,ISIC_0000231_mask.png,ISIC_0000231.png,ISIC_0000231
58686,1182,3810,198466,0.9754642235743987,0.987579741443656,223.0,158.0,ISIC_0010369_mask.png,ISIC_0010369.png,ISIC_0010369
237531,4075,69,20469,0.8316336895136717,0.9080786123064638,23.25940704345703,18.0,ISIC_0004115_mask.png,ISIC_0004115.png,ISIC_0004115
103922,281,5470,152471,0.9636523365903604,0.9814897664253781,14.317821502685547,8.0,ISIC_0000111_mask.png,ISIC_0000111.png,ISIC_0000111
245586,1576,62,14920,0.9010750090590651,0.9479636571573797,14.0,8.5440034866333,ISIC_0011168_mask.png,ISIC_0011168.png,ISIC_0011168
243359,303,2737,15745,0.8381687516635613,0.9119606139588763,13.0,11.0,ISIC_0002246_mask.png,ISIC_0002246.png,ISIC_0002246
175749,3319,1755,81321,0.9412697494067944,0.9697464761859333,15.55634880065918,10.630146026611328,ISIC_0011336_mask.png,ISIC_0011336.png,ISIC_0011336
177860,115,4172,79997,0.9491362536187177,0.9739044685630109,11.401754379272461,7.8102498054504395,ISIC_0010463_mask.png,ISIC_0010463.png,ISIC_0010463
143806,0,25410,92928,0.7852760736196319,0.8797250859106529,45.54119110107422,37.64637756347656,ISIC_0000515_mask.png,ISIC_0000515.png,ISIC_0000515
226530,201,2462,32951,0.925226034705453,0.9611609421716619,13.416407585144043,7.0,ISIC_0008600_mask.png,ISIC_0008600.png,ISIC_0008600
253147,221,661,8115,0.9019673224408136,0.9484572230014026,13.0,6.324555397033691,ISIC_0008659_mask.png,ISIC_0008659.png,ISIC_0008659
177329,12440,143,72232,0.8516418086423392,0.9198774889045954,24.83948516845703,20.39607810974121,ISIC_0000014_mask.png,ISIC_0000014.png,ISIC_0000014
203326,10337,306,48175,0.8190519908871434,0.9005262026487714,29.832868576049805,21.540658950805664,ISIC_0010591_mask.png,ISIC_0010591.png,ISIC_0010591
213194,133,11078,37739,0.7709703779366701,0.8706756335867296,33.541019439697266,27.294687271118164,ISIC_0009958_mask.png,ISIC_0009958.png,ISIC_0009958
231610,350,2294,27890,0.9134080041920483,0.9547446254963714,25.553865432739258,9.433980941772461,ISIC_0011292_mask.png,ISIC_0011292.png,ISIC_0011292
189609,0,49815,22720,0.3132280967808644,0.47703532622959427,193.04144287109375,166.64459228515625,ISIC_0010348_mask.png,ISIC_0010348.png,ISIC_0010348
225747,2914,77,33406,0.9178228974915515,0.9571508387891637,14.866068840026855,7.886154651641846,ISIC_0000069_mask.png,ISIC_0000069.png,ISIC_0000069
247677,1672,19,12776,0.8831132923204534,0.9379290092867892,9.219544410705566,7.071067810058594,ISIC_0000012_mask.png,ISIC_0000012.png,ISIC_0000012
124399,46875,97,90773,0.65899306689898,0.7944494525595358,106.01886749267578,81.0018539428711,ISIC_0000549_mask.png,ISIC_0000549.png,ISIC_0000549
160757,1031,11099,89257,0.8803594149151271,0.9363735548981348,30.364452362060547,21.470911026000977,ISIC_0011310_mask.png,ISIC_0011310.png,ISIC_0011310
223286,7771,138,30949,0.7964640485871635,0.8867019066855759,29.017236709594727,20.0,ISIC_0010483_mask.png,ISIC_0010483.png,ISIC_0010483
72663,228,21417,167836,0.8857669106665048,0.9394235370833182,29.546573638916016,24.698177337646484,ISIC_0010175_mask.png,ISIC_0010175.png,ISIC_0010175
245995,0,4181,11968,0.7410985200322001,0.8512999253120888,18.0,13.834227561950684,ISIC_0006193_mask.png,ISIC_0006193.png,ISIC_0006193
208607,4597,145,48795,0.9114257429441321,0.9536606340147754,22.671567916870117,10.0,ISIC_0000027_mask.png,ISIC_0000027.png,ISIC_0000027
219569,359,3199,39017,0.9164298297122725,0.9563927836062359,12.529964447021484,9.433980941772461,ISIC_0000327_mask.png,ISIC_0000327.png,ISIC_0000327
195893,351,12571,53329,0.8049538874884907,0.8919384512460278,43.931766510009766,35.25970458984375,ISIC_0010055_mask.png,ISIC_0010055.png,ISIC_0010055
197572,2544,204,61824,0.9574428544880134,0.978258805658407,9.0,6.0,ISIC_0000482_mask.png,ISIC_0000482.png,ISIC_0000482
42956,2571,8468,208149,0.9496368414329251,0.9741679283563089,135.0,43.55527877807617,ISIC_0010037_mask.png,ISIC_0010037.png,ISIC_0010037
60512,614,31264,169754,0.8419000952229805,0.9141647773475575,107.0,73.07388305664062,ISIC_0000289_mask.png,ISIC_0000289.png,ISIC_0000289
73181,8311,131,180521,0.9553245873530797,0.9771519199748839,253.01779174804688,99.89990234375,ISIC_0010202_mask.png,ISIC_0010202.png,ISIC_0010202
172128,47683,0,42333,0.470283060789193,0.6397177160386553,128.7982940673828,104.2808609008789,ISIC_0011338_mask.png,ISIC_0011338.png,ISIC_0011338
211916,0,10692,39536,0.7871306840805925,0.8808876609776748,25.806976318359375,21.40093421936035,ISIC_0010013_mask.png,ISIC_0010013.png,ISIC_0010013
219364,8498,332,33950,0.7935951379149135,0.8849211520917503,25.05992889404297,18.601076126098633,ISIC_0011162_mask.png,ISIC_0011162.png,ISIC_0011162
169662,78,15938,76466,0.8268203542310936,0.9052016004924592,31.38471031188965,24.75883674621582,ISIC_0010238_mask.png,ISIC_0010238.png,ISIC_0010238
102024,1738,5048,153334,0.9576192855358481,0.9783508904017815,75.0,20.0,ISIC_0009928_mask.png,ISIC_0009928.png,ISIC_0009928
252390,1898,58,7798,0.7994668853803568,0.8885597082953509,17.464248657226562,10.0,ISIC_0001181_mask.png,ISIC_0001181.png,ISIC_0001181
196925,1284,11315,52620,0.8068200984375719,0.8930829351912355,61.29437255859375,52.21685028076172,ISIC_0010347_mask.png,ISIC_0010347.png,ISIC_0010347
72016,1926,9936,178266,0.9376104519060843,0.967800778514308,167.0,87.800048828125,ISIC_0009970_mask.png,ISIC_0009970.png,ISIC_0009970
204303,8640,1,49200,0.8506077004201172,0.9192739230762045,31.78049659729004,19.0,ISIC_0000508_mask.png,ISIC_0000508.png,ISIC_0000508
247066,10,3606,11462,0.7601803952778883,0.8637528259231348,16.124515533447266,11.704699516296387,ISIC_0009869_mask.png,ISIC_0009869.png,ISIC_0009869
239522,335,1342,20945,0.9258686234638848,0.9615075630637868,10.198039054870605,6.4031243324279785,ISIC_0010061_mask.png,ISIC_0010061.png,ISIC_0010061
149064,378,14504,98198,0.8683940573045631,0.9295619988829883,30.01666259765625,23.706539154052734,ISIC_0011104_mask.png,ISIC_0011104.png,ISIC_0011104
214377,646,5127,41994,0.8791425042393284,0.9356847628702889,26.4007568359375,19.780014038085938,ISIC_0011204_mask.png,ISIC_0011204.png,ISIC_0011204
245846,485,2234,13579,0.8331697140753467,0.9089935401814104,19.02629852294922,12.369317054748535,ISIC_0009083_mask.png,ISIC_0009083.png,ISIC_0009083
212559,798,1633,47154,0.9509730765352425,0.9748705279153186,15.0,7.0,ISIC_0010229_mask.png,ISIC_0010229.png,ISIC_0010229
244440,97,2440,15167,0.8566990510619069,0.9228195065559308,13.34166431427002,10.29563045501709,ISIC_0010378_mask.png,ISIC_0010378.png,ISIC_0010378
223968,32063,0,6113,0.16012678122380553,0.27605048657680237,123.9758071899414,114.59494018554688,ISIC_0009872_mask.png,ISIC_0009872.png,ISIC_0009872
179071,8334,65,74674,0.8988961515775282,0.9467565151793695,24.041629791259766,15.0,ISIC_0000197_mask.png,ISIC_0000197.png,ISIC_0000197
180018,8389,1134,72603,0.8840440299052675,0.9384536835370227,26.62705421447754,20.615528106689453,ISIC_0009879_mask.png,ISIC_0009879.png,ISIC_0009879
253591,1037,89,7427,0.8683502864491991,0.9295369211514393,8.062257766723633,5.830951690673828,ISIC_0010444_mask.png,ISIC_0010444.png,ISIC_0010444
225611,665,3525,32343,0.8853091725289465,0.9391660375166967,15.132745742797852,12.0,ISIC_0009201_mask.png,ISIC_0009201.png,ISIC_0009201
238860,97,1956,21231,0.9118278646280708,0.953880714365944,12.083045959472656,8.0,ISIC_0000071_mask.png,ISIC_0000071.png,ISIC_0000071
245075,310,429,16330,0.9567051379694183,0.9778735890296116,6.0,3.0,ISIC_0010474_mask.png,ISIC_0010474.png,ISIC_0010474
192089,17,4023,66015,0.942331025622725,0.9703093995737488,12.806248664855957,7.6157732009887695,ISIC_0009956_mask.png,ISIC_0009956.png,ISIC_0009956
253163,873,117,7991,0.889767286493709,0.9416686306858355,8.0,6.0,ISIC_0009564_mask.png,ISIC_0009564.png,ISIC_0009564
225657,1245,2743,32499,0.8907007975443308,0.9421911692227408,14.0,9.219544410705566,ISIC_0000499_mask.png,ISIC_0000499.png,ISIC_0000499
176011,518,6085,79530,0.9233394866079203,0.9601419749732891,17.804492950439453,13.0,ISIC_0010171_mask.png,ISIC_0010171.png,ISIC_0010171
244008,1030,728,16378,0.903065725628584,0.9490641478820189,12.0,8.0,ISIC_0010059_mask.png,ISIC_0010059.png,ISIC_0010059
242984,2988,136,16036,0.8369519832985386,0.9112399136265484,19.0,9.989952087402344,ISIC_0001299_mask.png,ISIC_0001299.png,ISIC_0001299
176049,384,4175,81536,0.9470468668331494,0.9728033597604262,13.03840446472168,9.219544410705566,ISIC_0010597_mask.png,ISIC_0010597.png,ISIC_0010597
215441,3981,1887,40835,0.8743549664903754,0.9329662546551212,21.954498291015625,17.804492950439453,ISIC_0011344_mask.png,ISIC_0011344.png,ISIC_0011344
150678,2410,3002,106054,0.9514470780327634,0.9751195292386907,26.07680892944336,11.401754379272461,ISIC_0000354_mask.png,ISIC_0000354.png,ISIC_0000354
44393,13221,1207,203323,0.93374083241868,0.9657352389366239,95.0,57.80476379394531,ISIC_0011112_mask.png,ISIC_0011112.png,ISIC_0011112
117775,4015,4689,135665,0.9397100485561305,0.9689180599498632,77.0,23.701250076293945,ISIC_0010038_mask.png,ISIC_0010038.png,ISIC_0010038
75880,707,46856,138701,0.7446473822101963,0.8536365454741279,109.83624267578125,76.64883422851562,ISIC_0010257_mask.png,ISIC_0010257.png,ISIC_0010257
249400,219,1064,11461,0.8993251726302574,0.9469944226399504,12.041594505310059,7.071067810058594,ISIC_0003559_mask.png,ISIC_0003559.png,ISIC_0003559
243436,26,3684,14998,0.8016891169553132,0.8899305761585474,13.601470947265625,11.313708305358887,ISIC_0009298_mask.png,ISIC_0009298.png,ISIC_0009298
250749,2939,83,8373,0.7347959631417288,0.8471266693646297,19.416488647460938,15.13768482208252,ISIC_0010456_mask.png,ISIC_0010456.png,ISIC_0010456
166346,1404,4438,89956,0.939017516023299,0.9685498024268656,20.02498435974121,12.61932373046875,ISIC_0000320_mask.png,ISIC_0000320.png,ISIC_0000320
256182,610,170,5182,0.8691714189869172,0.9300071787508973,8.0,5.0,ISIC_0010592_mask.png,ISIC_0010592.png,ISIC_0010592
202190,9327,1266,49361,0.8233145411482137,0.9030965558249097,60.87692642211914,42.44997024536133,ISIC_0000107_mask.png,ISIC_0000107.png,ISIC_0000107
224687,1040,689,35728,0.9538404036628667,0.9763749402199904,8.0,5.0,ISIC_0010553_mask.png,ISIC_0010553.png,ISIC_0010553
21595,2449,10901,227199,0.9445019517852912,0.9714589907386029,243.0,166.349853515625,ISIC_0010588_mask.png,ISIC_0010588.png,ISIC_0010588
187949,14873,195,59127,0.7969135386481568,0.8869803933334334,41.59326934814453,35.608985900878906,ISIC_0000174_mask.png,ISIC_0000174.png,ISIC_0000174
171563,6065,2981,81535,0.9001335820977909,0.9474424225522322,49.648765563964844,20.0,ISIC_0000343_mask.png,ISIC_0000343.png,ISIC_0000343
66862,8012,562,186708,0.9560942636802163,0.9775543862404775,19.0,12.0,ISIC_0000233_mask.png,ISIC_0000233.png,ISIC_0000233
161367,1921,2329,96527,0.9578276789346776,0.9784596358918217,9.848857879638672,6.4031243324279785,ISIC_0000213_mask.png,ISIC_0000213.png,ISIC_0000213
160061,14517,3859,83707,0.8199896162926247,0.9010926314656332,41.400482177734375,33.541019439697266,ISIC_0011081_mask.png,ISIC_0011081.png,ISIC_0011081
236588,439,900,24217,0.9476052590389732,0.9730978643039399,6.082762718200684,4.123105525970459,ISIC_0000253_mask.png,ISIC_0000253.png,ISIC_0000253
50795,83,16437,194829,0.921835447529915,0.9593281763167872,73.06161499023438,22.81008529663086,ISIC_0000202_mask.png,ISIC_0000202.png,ISIC_0000202
244509,42,1747,15846,0.8985540119081372,0.9465667094770168,12.206555366516113,7.838716983795166,ISIC_0010089_mask.png,ISIC_0010089.png,ISIC_0010089
110844,848,22180,128272,0.8477990746860542,0.9176312363183724,102.07839965820312,56.46744918823242,ISIC_0000433_mask.png,ISIC_0000433.png,ISIC_0000433
82510,24,21762,157848,0.8787200641303985,0.9354454459793411,35.80502700805664,26.34756088256836,ISIC_0000212_mask.png,ISIC_0000212.png,ISIC_0000212
251601,134,1439,8970,0.8508014796547472,0.9193870752831446,9.486832618713379,7.0,ISIC_0004346_mask.png,ISIC_0004346.png,ISIC_0004346
169588,1623,1980,88953,0.9610722157396603,0.9801497446407617,12.206555366516113,6.037239074707031,ISIC_0010599_mask.png,ISIC_0010599.png,ISIC_0010599
214039,834,4297,42974,0.8933374909053113,0.9436642914393,22.135944366455078,19.313207626342773,ISIC_0000113_mask.png,ISIC_0000113.png,ISIC_0000113
196323,4232,845,60744,0.9228665623433251,0.9598862244696401,23.194826126098633,14.866068840026855,ISIC_0000020_mask.png,ISIC_0000020.png,ISIC_0000020
178183,2370,713,80878,0.9632805707411775,0.9812969018254175,18.601076126098633,8.9442720413208,ISIC_0010449_mask.png,ISIC_0010449.png,ISIC_0010449
178151,4440,681,78872,0.939030633505173,0.9685567801553434,17.0,8.602325439453125,ISIC_0011333_mask.png,ISIC_0011333.png,ISIC_0011333
75661,604,7699,178180,0.9554758342583506,0.9772310324875296,22.472204208374023,14.866068840026855,ISIC_0000195_mask.png,ISIC_0000195.png,ISIC_0000195
254140,159,804,7041,0.8796851574212894,0.9359920239282153,9.219544410705566,7.0,ISIC_0001190_mask.png,ISIC_0001190.png,ISIC_0001190
182087,4915,889,74253,0.9275016550707621,0.9623874019830212,21.63330841064453,12.806248664855957,ISIC_0000378_mask.png,ISIC_0000378.png,ISIC_0000378
144032,249,24192,93671,0.7930692901652668,0.8845941364509899,115.24755859375,63.81217575073242,ISIC_0000476_mask.png,ISIC_0000476.png,ISIC_0000476
168096,803,14624,78621,0.835966740387887,0.9106556475105548,52.32590103149414,34.0,ISIC_0011175_mask.png,ISIC_0011175.png,ISIC_0011175
128052,16940,5548,111604,0.8322942457417296,0.9084722584006252,71.0,55.578773498535156,ISIC_0010100_mask.png,ISIC_0010100.png,ISIC_0010100
182838,21150,202,57954,0.7307643810052202,0.844441206469474,94.5409927368164,84.00267791748047,ISIC_0010379_mask.png,ISIC_0010379.png,ISIC_0010379
195861,3885,1931,60467,0.9122550276843233,0.9541143984220908,46.69047164916992,18.020816802978516,ISIC_0000527_mask.png,ISIC_0000527.png,ISIC_0000527
230351,215,2529,29049,0.9136916931399993,0.9548995759508234,11.704699516296387,8.9442720413208,ISIC_0011150_mask.png,ISIC_0011150.png,ISIC_0011150
149856,38,12880,99370,0.8849565403248789,0.93896757977492,26.870058059692383,19.209373474121094,ISIC_0000534_mask.png,ISIC_0000534.png,ISIC_0000534
184878,9469,82,67715,0.876388062019517,0.9341224022458116,31.764760971069336,20.0,ISIC_0000456_mask.png,ISIC_0000456.png,ISIC_0000456
217796,0,9004,35344,0.796969423649319,0.8870150077799528,23.34523582458496,19.79899024963379,ISIC_0009927_mask.png,ISIC_0009927.png,ISIC_0009927
230300,38,3204,28602,0.89819118201231,0.946365350891705,15.0,10.0,ISIC_0000072_mask.png,ISIC_0000072.png,ISIC_0000072
151708,13939,52,96445,0.873311239088703,0.932371749943204,45.27692413330078,27.116300582885742,ISIC_0000550_mask.png,ISIC_0000550.png,ISIC_0000550
173261,5526,2259,81098,0.9124129473577625,0.9542007636147569,32.557640075683594,19.0,ISIC_0000407_mask.png,ISIC_0000407.png,ISIC_0000407
203621,134,3931,54458,0.9305401295217265,0.9640204990219594,17.262676239013672,12.0,ISIC_0011101_mask.png,ISIC_0011101.png,ISIC_0011101
146552,11945,104,103543,0.8957626825385839,0.9450156296347001,41.146080017089844,22.825424194335938,ISIC_0000056_mask.png,ISIC_0000056.png,ISIC_0000056
225865,343,4247,31689,0.8734805259240883,0.932468220338983,15.29705810546875,12.083045959472656,ISIC_0010216_mask.png,ISIC_0010216.png,ISIC_0010216
193909,6552,1451,60232,0.8827141496299553,0.9377038461239073,26.019224166870117,17.024974822998047,ISIC_0010565_mask.png,ISIC_0010565.png,ISIC_0010565
172454,6768,1130,81792,0.9119411305608206,0.9539426878622829,35.12833786010742,15.177201271057129,ISIC_0000196_mask.png,ISIC_0000196.png,ISIC_0000196
181132,7613,1908,71491,0.882474201352886,0.937568441276565,41.773197174072266,22.039716720581055,ISIC_0000169_mask.png,ISIC_0000169.png,ISIC_0000169
215054,13725,50,33315,0.7074750477808452,0.8286798084696225,42.0,32.0,ISIC_0011305_mask.png,ISIC_0011305.png,ISIC_0011305
129613,4248,3331,124952,0.9428133795112087,0.9705650470128125,17.0,12.041594505310059,ISIC_0010460_mask.png,ISIC_0010460.png,ISIC_0010460
245022,4444,66,12612,0.7365961920336409,0.8483217865070289,19.416488647460938,15.29705810546875,ISIC_0010437_mask.png,ISIC_0010437.png,ISIC_0010437
208022,215,3210,50697,0.9367170466723329,0.9673246262605062,9.433980941772461,7.6157732009887695,ISIC_0000271_mask.png,ISIC_0000271.png,ISIC_0000271
212466,156,3358,46164,0.9292644631426386,0.9633354896600655,20.0,10.630146026611328,ISIC_0010028_mask.png,ISIC_0010028.png,ISIC_0010028
231435,1729,1813,27167,0.8846592204239799,0.9388001935171747,15.81138801574707,10.630146026611328,ISIC_0000165_mask.png,ISIC_0000165.png,ISIC_0000165
211761,5378,399,44606,0.8853383085564576,0.9391824316499805,25.45584487915039,13.989256858825684,ISIC_0000141_mask.png,ISIC_0000141.png,ISIC_0000141
77296,5162,10320,169366,0.9162446983467497,0.9562919590981723,62.2414665222168,46.0,ISIC_0010448_mask.png,ISIC_0010448.png,ISIC_0010448
206488,0,10280,45376,0.8152939485410378,0.8982500593871249,27.166154861450195,22.67815589904785,ISIC_0010215_mask.png,ISIC_0010215.png,ISIC_0010215
235185,266,2799,23894,0.8863088393486406,0.9397282362889112,20.59126091003418,11.704699516296387,ISIC_0000388_mask.png,ISIC_0000388.png,ISIC_0000388
108074,865,14598,138607,0.8996365288505225,0.947167013465356,117.0,34.0,ISIC_0011149_mask.png,ISIC_0011149.png,ISIC_0011149
138438,8088,362,115256,0.931692884742858,0.9646387291703283,24.331050872802734,14.0,ISIC_0011129_mask.png,ISIC_0011129.png,ISIC_0011129
252108,33,1556,8447,0.841669988043045,0.9140291078288156,17.029386520385742,12.198348999023438,ISIC_0008406_mask.png,ISIC_0008406.png,ISIC_0008406
213841,2172,383,45748,0.9471047346955676,0.9728338879969378,8.602325439453125,5.830951690673828,ISIC_0010368_mask.png,ISIC_0010368.png,ISIC_0010368
160218,4228,2518,95180,0.9338147283323195,0.9657747607886112,16.0,11.26034164428711,ISIC_0010187_mask.png,ISIC_0010187.png,ISIC_0010187
112619,6434,2917,140174,0.9374619628824611,0.9677216697330677,37.013511657714844,14.0,ISIC_0000539_mask.png,ISIC_0000539.png,ISIC_0000539
243087,326,673,18058,0.9475783176785433,0.9730836588980196,8.0,4.0,ISIC_0001685_mask.png,ISIC_0001685.png,ISIC_0001685
238882,863,366,22033,0.9471670535637521,0.9728667623357986,7.8102498054504395,5.0,ISIC_0011171_mask.png,ISIC_0011171.png,ISIC_0011171
235522,717,318,25587,0.9611223799864773,0.980175831753146,5.656854152679443,3.1622776985168457,ISIC_0011219_mask.png,ISIC_0011219.png,ISIC_0011219
201203,3485,909,56547,0.9278974746065867,0.962600435789187,14.866068840026855,11.180339813232422,ISIC_0000418_mask.png,ISIC_0000418.png,ISIC_0000418
185314,480,6958,69392,0.9031888585188077,0.949132141538209,21.0,15.55634880065918,ISIC_0010023_mask.png,ISIC_0010023.png,ISIC_0010023
87922,19147,4766,150309,0.8627440851327617,0.926315205635209,68.88395690917969,56.06915283203125,ISIC_0011363_mask.png,ISIC_0011363.png,ISIC_0011363
194348,569,7924,59303,0.8747271225441029,0.9331780737850023,26.925823211669922,21.02379608154297,ISIC_0010011_mask.png,ISIC_0010011.png,ISIC_0010011
204702,534,3826,53082,0.9240973503708089,0.960551554413521,20.0,10.0,ISIC_0000088_mask.png,ISIC_0000088.png,ISIC_0000088
219285,3859,123,38877,0.9070906927366481,0.9512821767642164,15.0,10.29563045501709,ISIC_0010033_mask.png,ISIC_0010033.png,ISIC_0010033
140133,12762,33195,76054,0.6233372400849104,0.7679701108222048,151.60804748535156,123.05606842041016,ISIC_0010847_mask.png,ISIC_0010847.png,ISIC_0010847
121285,8457,187,132215,0.938633669130123,0.9683455766568769,33.12099075317383,14.560219764709473,ISIC_0000540_mask.png,ISIC_0000540.png,ISIC_0000540
118364,2637,17924,123219,0.8569968006676868,0.9229922209446477,40.49691390991211,28.01338768005371,ISIC_0000393_mask.png,ISIC_0000393.png,ISIC_0000393
114321,7011,1919,138893,0.9395899149658713,0.9688541971846706,45.0111083984375,19.101036071777344,ISIC_0009992_mask.png,ISIC_0009992.png,ISIC_0009992
194105,707,17223,50109,0.7364746689398727,0.8482411890171649,39.0,33.060550689697266,ISIC_0001103_mask.png,ISIC_0001103.png,ISIC_0001103
172120,2397,728,86899,0.9652870345685595,0.9823369488421517,10.0,6.7082037925720215,ISIC_0000064_mask.png,ISIC_0000064.png,ISIC_0000064
239625,351,1191,20977,0.9315244904303033,0.9645484642265956,8.062257766723633,6.0,ISIC_0002829_mask.png,ISIC_0002829.png,ISIC_0002829
235793,689,1391,24271,0.9210656142081894,0.9589111453518233,8.602325439453125,7.0,ISIC_0009926_mask.png,ISIC_0009926.png,ISIC_0009926
94365,3464,12499,151816,0.9048569844855435,0.9500524100815094,63.0079345703125,28.9239501953125,ISIC_0011122_mask.png,ISIC_0011122.png,ISIC_0011122
213175,840,2665,45464,0.9284241050460496,0.9628837376764479,19.235383987426758,10.0,ISIC_0000257_mask.png,ISIC_0000257.png,ISIC_0000257
82496,86172,0,93476,0.5203286426790168,0.6844949546726029,138.917236328125,110.63452911376953,ISIC_0000547_mask.png,ISIC_0000547.png,ISIC_0000547
216389,1053,1995,42707,0.9333843295814666,0.9655445275937691,14.0,8.0,ISIC_0000470_mask.png,ISIC_0000470.png,ISIC_0000470
202111,0,8401,51632,0.8600603001682408,0.9247660412841983,18.973665237426758,14.0,ISIC_0000117_mask.png,ISIC_0000117.png,ISIC_0000117
226702,150,1698,33594,0.9478584729981379,0.9732313575525813,15.65247631072998,5.8478522300720215,ISIC_0010018_mask.png,ISIC_0010018.png,ISIC_0010018
175792,16250,0,70102,0.811816750046322,0.8961356053536502,37.0,24.879613876342773,ISIC_0010452_mask.png,ISIC_0010452.png,ISIC_0010452
236878,193,5122,19951,0.7896382490303174,0.8824557135590596,27.459060668945312,23.0867919921875,ISIC_0009959_mask.png,ISIC_0009959.png,ISIC_0009959
253374,341,274,8155,0.9298745724059293,0.9636632200886263,6.4031243324279785,3.0,ISIC_0005000_mask.png,ISIC_0005000.png,ISIC_0005000
232639,28,4929,24548,0.8319945771903067,0.9082937117273787,18.788293838500977,15.231546401977539,ISIC_0011092_mask.png,ISIC_0011092.png,ISIC_0011092
233765,1086,859,26434,0.9314634060396773,0.9645157170744166,9.486832618713379,7.0,ISIC_0009945_mask.png,ISIC_0009945.png,ISIC_0009945
98253,37068,3,126820,0.7738069814693912,0.8724816054432065,63.06346130371094,45.52471160888672,ISIC_0000246_mask.png,ISIC_0000246.png,ISIC_0000246
245405,767,115,15857,0.9473086803273791,0.9729414652104553,5.0,3.605551242828369,ISIC_0010598_mask.png,ISIC_0010598.png,ISIC_0010598
194988,8424,628,58104,0.865209363273572,0.9277343126297302,33.13608169555664,22.66274070739746,ISIC_0000164_mask.png,ISIC_0000164.png,ISIC_0000164
188074,278,2518,71274,0.962251923855812,0.9807628797886394,16.278820037841797,7.0,ISIC_0000325_mask.png,ISIC_0000325.png,ISIC_0000325
244867,253,1741,15283,0.8845864444058575,0.9387592137592138,13.34166431427002,10.0,ISIC_0007322_mask.png,ISIC_0007322.png,ISIC_0007322
123596,5637,5556,127355,0.9192121142131247,0.9579057024554066,27.58622932434082,18.357559204101562,ISIC_0000053_mask.png,ISIC_0000053.png,ISIC_0000053
196731,978,965,63470,0.970296424258175,0.9849243111969771,6.7082037925720215,4.0,ISIC_0000013_mask.png,ISIC_0000013.png,ISIC_0000013
213368,822,1160,46794,0.9593652616040675,0.9792612744585121,10.049875259399414,5.0,ISIC_0010606_mask.png,ISIC_0010606.png,ISIC_0010606
84678,21627,3978,151861,0.8557188419190155,0.9222505291093654,82.2982406616211,51.865211486816406,ISIC_0010454_mask.png,ISIC_0010454.png,ISIC_0010454
166528,253,5728,89635,0.9374477074966533,0.9677140744179519,21.587032318115234,14.0,ISIC_0000525_mask.png,ISIC_0000525.png,ISIC_0000525
158844,729,3044,99527,0.9634753146176186,0.9813979401164539,12.369317054748535,7.071067810058594,ISIC_0000036_mask.png,ISIC_0000036.png,ISIC_0000036
253436,983,20,7705,0.8848185576481397,0.9388899043441175,8.602325439453125,5.691675662994385,ISIC_0011083_mask.png,ISIC_0011083.png,ISIC_0011083
255023,1336,1,5784,0.8122454711416935,0.8963967454475009,11.045360565185547,8.0,ISIC_0000098_mask.png,ISIC_0000098.png,ISIC_0000098
139499,405,17045,105195,0.8577194341391822,0.9234111657303371,33.241539001464844,25.238859176635742,ISIC_0010020_mask.png,ISIC_0010020.png,ISIC_0010020
241135,828,129,20052,0.9544480936741396,0.9766932125374443,5.099019527435303,4.0,ISIC_0010206_mask.png,ISIC_0010206.png,ISIC_0010206
227131,0,11797,23216,0.6630680033130552,0.7974033557162239,41.0,36.24913787841797,ISIC_0009982_mask.png,ISIC_0009982.png,ISIC_0009982
237326,66,1650,23102,0.9308566363123539,0.9641903171953256,13.0,6.0,ISIC_0011205_mask.png,ISIC_0011205.png,ISIC_0011205
61755,11475,5109,183805,0.9172409663205067,0.9568343076674805,53.0,35.0,ISIC_0000299_mask.png,ISIC_0000299.png,ISIC_0000299
200352,15026,0,46766,0.7568293630243397,0.8615855118922604,41.146080017089844,27.018512725830078,ISIC_0011392_mask.png,ISIC_0011392.png,ISIC_0011392
253602,321,334,7887,0.9233200655584173,0.9601314748310914,5.0,3.339570999145508,ISIC_0010255_mask.png,ISIC_0010255.png,ISIC_0010255
152497,2868,3487,103292,0.9420412779191405,0.97015577231038,25.0,11.661903381347656,ISIC_0000380_mask.png,ISIC_0000380.png,ISIC_0000380
151476,2,18956,91710,0.8286948350019879,0.9063238099002856,39.824615478515625,35.84689712524414,ISIC_0011155_mask.png,ISIC_0011155.png,ISIC_0011155
198385,0,14943,48816,0.7656330870935868,0.8672618254497002,37.336307525634766,25.495098114013672,ISIC_0011224_mask.png,ISIC_0011224.png,ISIC_0011224
72268,851,15156,173869,0.9156976131791275,0.955993896823324,37.735923767089844,21.931713104248047,ISIC_0000230_mask.png,ISIC_0000230.png,ISIC_0000230
174291,1882,3309,82662,0.9409126609222224,0.9695569304753248,17.0,9.848857879638672,ISIC_0010494_mask.png,ISIC_0010494.png,ISIC_0010494
156544,3887,464,101249,0.9587973484848484,0.9789653321988504,12.206555366516113,8.960992813110352,ISIC_0000101_mask.png,ISIC_0000101.png,ISIC_0000101
253796,568,60,7720,0.924772400574988,0.9609161065471745,5.385164737701416,3.1622776985168457,ISIC_0008507_mask.png,ISIC_0008507.png,ISIC_0008507
224689,1262,575,35618,0.9509544787077827,0.9748607556826735,8.0,5.0,ISIC_0010092_mask.png,ISIC_0010092.png,ISIC_0010092
209844,9204,204,42892,0.8201147227533461,0.9011681653920498,35.22782897949219,23.76972770690918,ISIC_0000040_mask.png,ISIC_0000040.png,ISIC_0000040
199489,0,14687,47968,0.7655893384406671,0.8672337578984479,39.458839416503906,31.0,ISIC_0009880_mask.png,ISIC_0009880.png,ISIC_0009880
7849,4878,1159,248258,0.9762598556794274,0.987987336659019,192.0,144.0,ISIC_0009988_mask.png,ISIC_0009988.png,ISIC_0009988
231072,558,1200,29314,0.9434217301750772,0.9708872917563673,10.0,6.324555397033691,ISIC_0009035_mask.png,ISIC_0009035.png,ISIC_0009035
231079,4958,681,25426,0.8184773861258651,0.9001787895416969,31.62277603149414,23.53720474243164,ISIC_0001204_mask.png,ISIC_0001204.png,ISIC_0001204
165307,3786,965,92086,0.95093817445811,0.9748521884577315,19.92485809326172,8.5440034866333,ISIC_0010377_mask.png,ISIC_0010377.png,ISIC_0010377
258957,454,19,2714,0.8515845622842799,0.9198440942213184,6.082762718200684,5.0,ISIC_0000125_mask.png,ISIC_0000125.png,ISIC_0000125
191842,110,6862,63330,0.9008278569599727,0.9478268678160919,20.248456954956055,16.62974739074707,ISIC_0000126_mask.png,ISIC_0000126.png,ISIC_0000126
92680,1732,4808,162924,0.9614077326157768,0.9803241994295823,15.0,11.0,ISIC_0000368_mask.png,ISIC_0000368.png,ISIC_0000368
257072,2027,0,3045,0.6003548895899053,0.7502771960083775,16.155494689941406,13.928388595581055,ISIC_0011143_mask.png,ISIC_0011143.png,ISIC_0011143
126057,1517,4567,130003,0.9552933050181134,0.9771355556390695,10.630146026611328,7.8102498054504395,ISIC_0000136_mask.png,ISIC_0000136.png,ISIC_0000136
127165,6580,1395,127004,0.9409167351958453,0.9695590935289694,25.0,16.6433162689209,ISIC_0000161_mask.png,ISIC_0000161.png,ISIC_0000161
227684,1494,540,32426,0.940975043528729,0.9695900487396466,9.05538558959961,6.0,ISIC_0010077_mask.png,ISIC_0010077.png,ISIC_0010077
154093,13629,3,94419,0.8738373545825583,0.9326715068899096,31.78049659729004,18.681541442871094,ISIC_0010552_mask.png,ISIC_0010552.png,ISIC_0010552
